"Date";"average(Price_THB)"
"01-03-2025";73.58
"01/01/2025";172.61
"01/05/2025";130.16
"01/06/2025";38.97
"01/07/2025";232.07
"01/07/2026";44.15
"01/08/2026";18.41
"01/11/2025";94.87
"02-04-2026";31.15
"02-05-2025";107.18
"02-06-2025";128.14
"02-08-2026";101.92
"02/02/2025";61.16
"02/02/2026";118.32
"02/05/2025";303.07
"02/05/2026";161.67
"03-02-2025";114.9
"03-04-2025";138.69
"03-08-2026";106.97
"03-11-2025";40.16
"03/03/2026";102.34
"03/09/2025";135.14499999999998
"03/11/2025";171.97
"03/12/2025";126.54
"04-05-2025";231.94
"04-06-2026";104.62
"04/04/2025";22.64
"04/04/2026";108.01
"04/06/2025";204.2
"04/06/2026";48.73
"04/08/2026";46.94
"04/10/2025";145.58
"05-04-2026";100.13
"05-06-2025";84.44
"05-08-2026";99.285
"05-09-2025";37.66
"05-10-2025";211.28
"05-11-2025";130.16
"05/01/2026";213.53
"05/02/2025";81.19
"05/03/2026";12.43
"05/05/2025";106.46
"05/06/2025";225.5
"05/09/2025";76.38
"06-07-2025";133.235
"06-09-2025";303.98
"06/01/2025";17.08
"06/04/2025";147.89
"06/08/2025";130.16
"06/09/2025";234.81
"06/12/2025";191.75
"07-03-2025";179.155
"07-05-2025";109.02
"07/01/2025";44.23
"07/01/2026";64.11
"07/02/2025";42.62
"07/05/2025";87.21
"07/06/2026";109.72
"07/07/2025";86.58
"07/12/2025";8.04
"08-06-2025";128.31
"08-07-2026";177.66
"08/02/2025";19.22
"08/03/2026";26.25
"08/09/2025";159.18
"09-01-2025";180.06
"09-02-2026";246.51
"09-03-2026";15.33
"09-04-2025";64.6
"09-06-2025";81.39
"09-06-2026";185.59
"09/01/2026";202.91
"09/02/2025";94.55
"09/04/2025";237.39
"09/06/2026";53.21
"09/07/2026";187.12
"09/08/2026";248.71
"10-03-2025";195.27
"10-06-2025";154.37
"10-07-2025";177.33
"10-08-2026";213.9
"10/04/2026";246.59
"10/05/2026";245.29
"10/06/2025";229.56
"10/06/2026";154.34
"10/10/2025";132.11
"10/11/2025";219.63
"10/12/2025";249.33
"11-02-2025";184.75
"11-07-2025";43.6
"11/02/2025";49.905
"11/05/2025";191.875
"11/07/2025";211.22
"12-02-2025";-1.0
"12-03-2025";153.53
"12-04-2025";0.0
"12-05-2025";42.76
"12-07-2025";155.27
"12-11-2025";63.49
"12/03/2025";181.2
"12/03/2026";112.07
"12/05/2025";165.8
"12/05/2026";274.45
"12/06/2026";171.01
"12/07/2026";175.85
"12/08/2025";247.4
"12/09/2025";136.85
"13-01-2025";138.26
"13-04-2025";13.57
"13-07-2026";143.1
"13-08-2026";50.38
"13/02/2025";-99.0
"13/06/2025";13.2
"13/09/2025";56.95
"14-03-2025";199.48
"14-04-2026";52.65
"14-06-2026";214.14
"14-07-2025";202.02
"14-08-2025";92.71
"14/03/2025";136.35500000000002
"14/04/2025";392.2
"14/04/2026";76.92
"14/05/2026";99.86
"14/06/2026";220.78
"14/07/2025";111.19
"15-01-2026";220.6
"15-04-2025";90.31
"15-05-2025";174.37
"15-11-2025";217.1
"15/01/2025";181.96
"15/02/2025";10.8
"15/02/2026";308.62
"15/03/2025";173.32
"15/05/2025";140.91
"15/08/2025";126.0
"15/10/2025";134.62
"15/11/2025";130.16
"16-01-2025";101.54
"16-02-2025";236.75
"16-05-2025";224.28
"16/02/2025";240.03
"16/04/2025";74.57
"16/05/2025";9.1
"16/06/2026";70.06
"16/08/2025";91.51
"17-02-2026";130.16
"17-03-2025";155.38
"17-03-2026";130.16
"17-04-2026";11.48
"17-05-2025";247.37
"17-05-2026";195.84
"17-07-2025";130.16
"17-08-2025";241.24
"17-12-2025";157.44
"17/03/2025";280.32
"17/03/2026";52.83
"17/04/2026";64.66
"17/07/2025";-99.0
"17/07/2026";11.37
"17/08/2025";213.7
"17/11/2025";199.61
"18-01-2025";92.21
"18-05-2025";135.25
"18-06-2025";230.16000000000003
"18-07-2026";216.81
"18-10-2025";43.35
"18/06/2025";245.42
"18/06/2026";130.16
"18/12/2025";178.29
"19-02-2026";172.42
"19-06-2026";6.34
"19-08-2026";48.25
"19/01/2025";115.93
"19/07/2025";224.77
"20-01-2026";127.91
"20-05-2025";118.98499999999999
"20-05-2026";204.6
"20-06-2025";221.85
"20-07-2025";210.92
"20-08-2025";130.16
"20-10-2025";40.96
"20/04/2026";31.32
"20/06/2025";173.61
"20/06/2026";130.16
"20/08/2025";21.69
"20/08/2026";131.97
"2025-01-03";427.03
"2025-01-06";179.01
"2025-01-18";56.17
"2025-01-22";65.43
"2025-01-26";209.3
"2025-01-31";281.65
"2025-02-04";138.73
"2025-02-12";130.16
"2025-02-18";121.71
"2025-03-04";342.11
"2025-03-13";166.65
"2025-03-20";-99.0
"2025-03-22";138.76500000000001
"2025-03-28";88.42999999999999
"2025-04-04";67.08
"2025-04-05";5.98
"2025-04-08";229.38
"2025-04-20";67.17
"2025-04-22";41.68
"2025-04-25";35.29
"2025-05-08";87.33
"2025-05-19";130.16
"2025-05-28";202.87
"2025-06-05";10.97
"2025-06-07";189.96
"2025-06-08";174.5
"2025-06-15";130.16
"2025-06-18";69.51
"2025-06-19";87.09
"2025-06-25";130.16
"2025-06-29";130.16
"2025-07-02";121.23
"2025-07-04";114.84
"2025-07-06";221.54
"2025-07-07";128.6
"2025-07-08";125.29
"2025-07-17";121.77
"2025-07-21";140.46
"2025-07-25";204.995
"2025-07-30";237.61
"2025-08-16";126.36
"2025-08-18";12.29
"2025-08-22";130.16
"2025-08-23";0.0
"2025-08-24";32.25
"2025-08-26";202.22
"2025-08-30";13.53
"2025-09-05";21.63
"2025-09-15";189.0
"2025-09-20";65.41
"2025-09-22";91.765
"2025-09-26";168.78
"2025-10-12";190.82
"2025-10-15";148.46
"2025-10-17";217.87
"2025-10-25";159.58
"2025-10-30";100.69
"2025-10-31";397.8
"2025-11-01";139.37
"2025-11-05";113.11500000000001
"2025-11-06";220.85
"2025-11-13";228.34
"2025-11-17";151.96
"2025-11-26";135.15
"2025-12-26";61.3
"2025-12-28";172.4
"2025/01/03";166.11
"2025/01/04";434.28
"2025/01/05";110.37
"2025/01/06";175.74
"2025/01/14";162.28
"2025/01/16";212.76
"2025/01/23";5.12
"2025/01/24";115.55
"2025/01/31";-1.0
"2025/02/14";158.7
"2025/02/20";229.32999999999998
"2025/02/26";77.33
"2025/02/27";109.64
"2025/03/01";147.73
"2025/03/07";206.28
"2025/03/08";60.66
"2025/03/10";53.98
"2025/03/11";341.02
"2025/03/13";248.66
"2025/03/16";83.32
"2025/03/20";302.48
"2025/03/26";49.15
"2025/03/31";116.34
"2025/04/05";212.84
"2025/04/16";99.445
"2025/04/22";35.35
"2025/04/23";-1.0
"2025/04/25";74.74
"2025/05/02";119.92
"2025/05/08";162.21
"2025/05/22";201.93
"2025/05/23";76.45
"2025/06/03";134.76999999999998
"2025/06/06";42.96
"2025/06/11";221.7
"2025/06/13";64.94
"2025/07/01";164.05
"2025/07/02";115.42
"2025/07/07";20.81
"2025/07/09";92.66
"2025/07/11";102.86
"2025/07/14";196.91
"2025/07/17";249.62
"2025/07/18";55.31
"2025/07/20";7.84
"2025/07/21";34.31
"2025/07/27";183.37
"2025/07/28";43.04
"2025/08/02";130.16
"2025/08/07";215.41
"2025/08/14";103.71
"2025/08/15";113.66499999999999
"2025/08/18";136.91500000000002
"2025/08/19";91.41
"2025/08/27";130.16
"2025/08/29";216.58
"2025/08/30";152.27
"2025/08/31";16.65
"2025/09/01";63.28
"2025/09/03";215.62
"2025/09/04";24.24
"2025/09/13";397.04
"2025/09/18";41.93
"2025/09/21";90.12
"2025/09/22";100.49
"2025/09/29";141.43
"2025/09/30";172.13
"2025/10/01";12.14
"2025/10/08";36.46
"2025/10/17";5.31
"2025/10/18";28.31
"2025/10/20";107.99
"2025/10/23";91.96
"2025/10/25";193.97
"2025/10/27";170.27
"2025/10/29";133.84
"2025/11/07";168.2
"2025/11/08";122.66
"2025/11/24";188.46
"2025/11/25";239.41
"2025/11/27";91.55
"2025/11/29";235.48
"2025/12/05";174.97
"2025/12/07";121.18
"2025/12/13";65.16
"2025/12/16";223.45
"2025/12/23";194.25
"2025/12/29";143.81
"2026-01-04";30.14
"2026-01-09";31.39
"2026-01-25";-1.0
"2026-01-28";209.18
"2026-02-03";264.63
"2026-02-07";164.91
"2026-02-14";48.81
"2026-02-28";153.44
"2026-03-03";183.35
"2026-03-08";215.98
"2026-03-15";24.49
"2026-03-17";166.845
"2026-04-03";164.45
"2026-04-05";162.865
"2026-04-10";134.08
"2026-04-14";89.49
"2026-04-18";107.28
"2026-04-24";165.66
"2026-04-25";28.8
"2026-05-03";249.85
"2026-05-13";96.1
"2026-05-15";249.12
"2026-05-22";131.5
"2026-05-24";176.1
"2026-05-31";62.47
"2026-06-04";152.09
"2026-06-09";117.54
"2026-06-11";66.18
"2026-06-17";130.16
"2026-06-18";151.67
"2026-06-21";156.93
"2026-06-22";169.52
"2026-06-30";216.325
"2026-07-04";93.53
"2026-07-06";81.01
"2026-07-16";153.11
"2026-07-17";20.5
"2026-07-25";208.98
"2026-08-16";-1.0
"2026-08-18";21.4
"2026/01/04";111.83
"2026/01/05";132.98000000000002
"2026/01/06";101.62
"2026/01/07";102.04
"2026/01/10";146.42
"2026/01/13";433.44
"2026/01/22";131.08
"2026/02/01";56.510000000000005
"2026/02/08";131.3
"2026/02/09";130.16
"2026/02/10";154.55
"2026/02/19";37.23
"2026/02/22";245.04
"2026/02/28";198.48
"2026/03/11";66.4
"2026/03/12";0.0
"2026/03/26";125.33
"2026/03/28";406.23
"2026/03/29";191.22
"2026/03/30";35.25
"2026/04/01";145.73
"2026/04/04";173.39
"2026/04/09";102.21
"2026/04/26";36.37
"2026/05/02";155.32000000000002
"2026/05/07";112.13
"2026/05/11";238.27
"2026/05/18";130.495
"2026/05/27";176.52
"2026/06/01";92.52
"2026/06/06";38.74
"2026/06/08";40.325
"2026/06/14";130.16
"2026/06/15";131.25
"2026/06/17";100.775
"2026/06/22";54.09
"2026/06/30";213.03
"2026/07/02";130.16
"2026/07/16";61.989999999999995
"2026/07/28";200.84
"2026/08/10";122.05
"2026/08/13";340.64
"2026/08/14";238.24
"2026/08/16";92.295
"2026/08/17";205.81
"2026/08/19";180.26
"21-02-2025";98.17999999999999
"21-12-2025";243.4
"21/02/2025";210.83
"21/07/2025";24.38
"22-01-2026";132.055
"22-02-2025";21.79
"22-02-2026";143.23
"22-03-2025";7.12
"22-05-2026";234.07
"22-06-2025";56.07
"22-07-2025";239.97
"22-08-2026";135.29
"22-11-2025";230.09
"22/03/2025";48.8
"22/05/2026";109.71
"22/07/2025";24.58
"22/09/2025";-1.0
"23-02-2026";210.58
"23-04-2025";110.26
"23-05-2025";97.02
"23-05-2026";143.2968
"23/01/2025";220.36
"23/04/2025";81.25
"23/07/2026";223.38
"23/08/2025";161.97
"24-01-2026";231.79
"24-06-2026";97.08
"24-07-2025";134.67
"24-08-2025";16.44
"24/01/2025";165.65
"24/05/2026";193.2
"24/06/2026";41.45
"24/07/2025";130.16
"24/07/2026";146.13
"25-04-2026";122.24
"25-07-2025";156.0
"25-11-2025";122.38
"25/02/2025";158.37
"25/04/2025";206.01
"25/06/2025";95.47
"25/07/2026";26.34
"26-01-2026";77.95
"26-02-2026";76.37
"26/03/2025";229.32
"26/10/2025";60.3
"27-04-2025";215.5
"27-05-2025";78.8
"27-07-2026";185.22
"27-10-2025";32.64
"27/02/2025";12.81
"27/10/2025";139.44
"28-03-2026";144.42
"28-05-2025";82.79
"28-07-2026";108.12
"28/01/2026";60.71
"28/03/2026";122.28
"28/07/2025";87.34
"28/08/2025";131.0
"28/12/2025";161.31
"29-04-2025";156.34
"29-05-2026";140.095
"29-07-2025";195.51
"29/06/2025";238.66
"29/07/2025";158.9
"29/07/2026";187.28
"30-01-2026";178.51
"30-05-2025";168.53
"30-06-2025";131.92
"30-09-2025";210.87
"30-11-2025";210.69
"30/03/2026";212.2
"30/06/2026";93.44999999999999
"30/11/2025";118.03
"31-03-2025";142.59
"31-07-2025";239.36
"31/01/2025";193.92
"31/01/2026";86.94
