"Product_Name";"Province";"average(Price_THB)"
"Cassava";"Chanthaburi";128.71980952380954
"Cassava";"Chiang Mai";141.86142857142855
"Cassava";"Nakhon Ratchasima";143.92162601626012
"Cassava";"Phetchabun";143.55484848484855
"Cassava";"Sisaket";158.08484848484846
"Cassava";"Songkhla";115.92219512195119
"Cassava";"Surat Thani";129.39857142857142
"Cassava";"Ubon Ratchathani";119.62696202531644
"Factory Pineapple";"Chanthaburi";134.10333333333335
"Factory Pineapple";"Chiang Mai";122.17574999999997
"Factory Pineapple";"Nakhon Ratchasima";113.29428571428569
"Factory Pineapple";"Phetchabun";126.45384615384616
"Factory Pineapple";"Sisaket";141.95700000000002
"Factory Pineapple";"Songkhla";135.15714285714284
"Factory Pineapple";"Surat Thani";116.69722222222224
"Factory Pineapple";"Ubon Ratchathani";135.3421212121212
"Feed Corn";"Chanthaburi";120.36800000000001
"Feed Corn";"Chiang Mai";152.5555882352941
"Feed Corn";"Nakhon Ratchasima";146.98500000000004
"Feed Corn";"Phetchabun";128.71241379310342
"Feed Corn";"Sisaket";123.08919999999998
"Feed Corn";"Songkhla";136.47086956521736
"Feed Corn";"Surat Thani";121.72540540540541
"Feed Corn";"Ubon Ratchathani";161.44566666666665
"Fresh Oil Palm";"Chanthaburi";136.5724137931034
"Fresh Oil Palm";"Chiang Mai";120.5009756097561
"Fresh Oil Palm";"Nakhon Ratchasima";126.79181818181813
"Fresh Oil Palm";"Phetchabun";102.588125
"Fresh Oil Palm";"Sisaket";107.00111111111111
"Fresh Oil Palm";"Songkhla";128.61235294117648
"Fresh Oil Palm";"Surat Thani";142.96103448275858
"Fresh Oil Palm";"Ubon Ratchathani";115.8580487804878
"Jasmine Rice";"Chanthaburi";136.73885869565217
"Jasmine Rice";"Chiang Mai";128.5413846153846
"Jasmine Rice";"Nakhon Ratchasima";122.8296703296703
"Jasmine Rice";"Phetchabun";116.56089285714283
"Jasmine Rice";"Sisaket";132.72805555555556
"Jasmine Rice";"Songkhla";118.4863157894737
"Jasmine Rice";"Surat Thani";127.12786324786323
"Jasmine Rice";"Ubon Ratchathani";126.72458333333333
"Jinda Chili";"Chanthaburi";142.29155172413792
"Jinda Chili";"Chiang Mai";130.39805555555554
"Jinda Chili";"Nakhon Ratchasima";143.7903636363636
"Jinda Chili";"Phetchabun";147.56
"Jinda Chili";"Sisaket";120.40000000000002
"Jinda Chili";"Songkhla";127.06909090909089
"Jinda Chili";"Surat Thani";135.56019999999998
"Jinda Chili";"Ubon Ratchathani";132.7307894736842
"Mangosteen";"Chanthaburi";141.8966666666667
"Mangosteen";"Chiang Mai";124.61722222222221
"Mangosteen";"Nakhon Ratchasima";138.96448979591838
"Mangosteen";"Phetchabun";144.60999999999999
"Mangosteen";"Sisaket";105.78736842105263
"Mangosteen";"Songkhla";169.0938888888889
"Mangosteen";"Surat Thani";135.05545454545455
"Mangosteen";"Ubon Ratchathani";135.07216216216213
"Monthong Durian";"Chanthaburi";111.53508771929829
"Monthong Durian";"Chiang Mai";125.68999999999997
"Monthong Durian";"Nakhon Ratchasima";126.53999999999995
"Monthong Durian";"Phetchabun";131.86428571428573
"Monthong Durian";"Sisaket";138.6730769230769
"Monthong Durian";"Songkhla";117.3835
"Monthong Durian";"Surat Thani";143.30974683544304
"Monthong Durian";"Ubon Ratchathani";118.2763076923077
"Oil Palm";"Chanthaburi";121.22859154929577
"Oil Palm";"Chiang Mai";131.60833333333335
"Oil Palm";"Nakhon Ratchasima";144.10015625000003
"Oil Palm";"Phetchabun";129.76
"Oil Palm";"Sisaket";109.70263157894736
"Oil Palm";"Songkhla";132.0591304347826
"Oil Palm";"Surat Thani";118.63648648648646
"Oil Palm";"Ubon Ratchathani";124.68971428571427
"Raw Rubber Sheet";"Chanthaburi";136.1013114754099
"Raw Rubber Sheet";"Chiang Mai";111.07483870967746
"Raw Rubber Sheet";"Nakhon Ratchasima";130.468909090909
"Raw Rubber Sheet";"Phetchabun";139.32760000000002
"Raw Rubber Sheet";"Sisaket";132.53324324324325
"Raw Rubber Sheet";"Songkhla";137.75941176470593
"Raw Rubber Sheet";"Surat Thani";136.27123456790127
"Raw Rubber Sheet";"Ubon Ratchathani";120.67228571428568
"Rubber";"Chanthaburi";130.99516666666668
"Rubber";"Chiang Mai";126.82511627906976
"Rubber";"Nakhon Ratchasima";124.83311111111115
"Rubber";"Phetchabun";86.17956521739129
"Rubber";"Sisaket";118.94947368421053
"Rubber";"Songkhla";141.95
"Rubber";"Surat Thani";145.6811111111111
"Rubber";"Ubon Ratchathani";150.1178787878788
"Sao Hai Rice";"Chanthaburi";106.85160714285719
"Sao Hai Rice";"Chiang Mai";140.00641025641022
"Sao Hai Rice";"Nakhon Ratchasima";135.67983606557377
"Sao Hai Rice";"Phetchabun";130.9181818181818
"Sao Hai Rice";"Sisaket";107.1345
"Sao Hai Rice";"Songkhla";124.08500000000001
"Sao Hai Rice";"Surat Thani";128.44439024390243
"Sao Hai Rice";"Ubon Ratchathani";149.24114285714282
"Thai Garlic";"Chanthaburi";153.52692307692303
"Thai Garlic";"Chiang Mai";140.09340425531911
"Thai Garlic";"Nakhon Ratchasima";129.21647058823527
"Thai Garlic";"Phetchabun";178.91479999999996
"Thai Garlic";"Sisaket";131.4394736842105
"Thai Garlic";"Songkhla";119.61631578947363
"Thai Garlic";"Surat Thani";127.95612903225806
"Thai Garlic";"Ubon Ratchathani";144.60513513513513
